FullName,Abbrev3,Abbrev1,Composition
Alanine,Ala,A,C3H5ON
Arginine,Arg,R,C6H12ON4
Asparagine,Asn,N,C4H6O2N2
Aspartic Acid,Asp,D,C4H5O3N
Cysteine,Cys,C,C3H5ONS
Glutamic Acid,Glu,E,C5H7O3N
Glutamine,Gln,Q,C5H8O2N2
Glycine,Gly,G,C2H3ON
Histidine,His,H,C6H7ON3
Isoleucine,Iso,I,C6H11ON
Leucine,Leu,L,C6H11ON
Lysine,Lys,K,C6H12ON2
Methionine,Met,M,C5H9ONS
Phenylalanine,Phe,F,C9H9ON
Proline,Pro,P,C5H7ON
Serine,Ser,S,C3H5O2N
Threonine,Thr,T,C4H7O2N
Tryptophan,Trp,W,C11H10ON2
Tyrosine,Tyr,Y,C9H9O2N
Valine,Val,V,C5H9ON
